DATE,Day,Month,Quarter,Year,SERIES,OPEN,HIGH,LOW,PREV. CLOSE,LTP,CLOSE,VWAP,52W H,52W L,VOLUME,NO. OF  TRADES
3-Jul-26,Friday,July,Q3,2026,EQ,"1,885.00","1,891.10","1,865.00","1,883.20","1,869.40","1,874.20","1,876.57","1,891.10","1,290.50","1,645,113.00",58316.00
2-Jul-26,Thursday,July,Q3,2026,EQ,"1,858.50","1,888.00","1,845.50","1,848.20","1,882.90","1,883.20","1,870.00","1,888.00","1,290.50","3,089,068.00",92042.00
1-Jul-26,Wednesday,July,Q3,2026,EQ,"1,829.50","1,881.70","1,815.40","1,810.20","1,848.20","1,848.20","1,852.00","1,881.70","1,290.50","4,123,193.00",132813.00
30-Jun-26,Tuesday,June,Q2,2026,EQ,"1,786.90","1,816.30","1,782.60","1,776.10","1,810.10","1,810.20","1,800.46","1,857.80","1,290.50","2,230,098.00",79177.00
29-Jun-26,Monday,June,Q2,2026,EQ,"1,809.50","1,809.50","1,770.50","1,796.00","1,782.30","1,776.10","1,781.74","1,857.80","1,290.50","1,693,498.00",70508.00
25-Jun-26,Thursday,June,Q2,2026,EQ,"1,813.30","1,831.40","1,790.90","1,813.30","1,795.00","1,796.00","1,810.05","1,857.80","1,290.50","1,850,390.00",64297.00
24-Jun-26,Wednesday,June,Q2,2026,EQ,"1,786.00","1,818.00","1,775.00","1,784.00","1,809.90","1,813.30","1,801.04","1,857.80","1,290.50","2,141,905.00",75079.00
23-Jun-26,Tuesday,June,Q2,2026,EQ,"1,832.60","1,842.00","1,779.10","1,827.20","1,786.00","1,784.00","1,801.50","1,857.80","1,290.50","3,309,685.00",97495.00
22-Jun-26,Monday,June,Q2,2026,EQ,"1,835.30","1,836.80","1,808.10","1,835.30","1,828.00","1,827.20","1,824.20","1,857.80","1,290.50","1,524,494.00",68719.00
19-Jun-26,Friday,June,Q2,2026,EQ,"1,842.10","1,849.00","1,830.00","1,842.10","1,836.80","1,835.30","1,836.18","1,857.80","1,290.50","4,382,841.00",64788.00
18-Jun-26,Thursday,June,Q2,2026,EQ,"1,833.00","1,849.50","1,820.00","1,828.60","1,845.10","1,842.10","1,834.71","1,857.80","1,290.50","1,643,528.00",67704.00
17-Jun-26,Wednesday,June,Q2,2026,EQ,"1,824.00","1,833.00","1,806.30","1,822.00","1,825.00","1,828.60","1,816.35","1,857.80","1,290.50","2,697,924.00",47381.00
16-Jun-26,Tuesday,June,Q2,2026,EQ,"1,804.80","1,828.00","1,797.10","1,804.80","1,821.00","1,822.00","1,814.62","1,857.80","1,290.50","2,215,994.00",76796.00
15-Jun-26,Monday,June,Q2,2026,EQ,"1,839.00","1,840.30","1,798.90","1,812.90","1,809.00","1,804.80","1,819.32","1,857.80","1,290.50","1,421,741.00",63805.00
12-Jun-26,Friday,June,Q2,2026,EQ,"1,804.00","1,818.00","1,777.90","1,787.10","1,809.40","1,812.90","1,800.77","1,857.80","1,290.50","2,325,897.00",67163.00
11-Jun-26,Thursday,June,Q2,2026,EQ,"1,814.60","1,820.40","1,781.70","1,821.20","1,792.10","1,787.10","1,800.60","1,857.80","1,290.50","2,229,041.00",81285.00
10-Jun-26,Wednesday,June,Q2,2026,EQ,"1,826.00","1,857.80","1,812.20","1,826.40","1,820.00","1,821.20","1,836.60","1,857.80","1,290.50","2,933,100.00",90568.00
9-Jun-26,Tuesday,June,Q2,2026,EQ,"1,828.00","1,832.60","1,792.40","1,805.00","1,825.40","1,826.40","1,812.98","1,842.80","1,290.50","1,776,339.00",59953.00
8-Jun-26,Monday,June,Q2,2026,EQ,"1,805.60","1,832.80","1,791.60","1,824.20","1,794.60","1,805.00","1,817.27","1,842.80","1,290.50","2,574,439.00",103397.00
5-Jun-26,Friday,June,Q2,2026,EQ,"1,801.50","1,827.90","1,796.70","1,790.90","1,826.00","1,824.20","1,814.71","1,842.80","1,290.50","1,640,762.00",73965.00
4-Jun-26,Thursday,June,Q2,2026,EQ,"1,794.30","1,826.40","1,786.20","1,803.80","1,793.00","1,790.90","1,801.84","1,842.80","1,290.50","1,369,988.00",58291.00
3-Jun-26,Wednesday,June,Q2,2026,EQ,"1,829.40","1,840.00","1,781.90","1,814.50","1,801.60","1,803.80","1,810.87","1,842.80","1,290.50","2,967,709.00",88174.00
2-Jun-26,Tuesday,June,Q2,2026,EQ,"1,745.20","1,817.80","1,745.20","1,783.50","1,813.10","1,814.50","1,792.35","1,842.80","1,290.50","2,256,569.00",86457.00
1-Jun-26,Monday,June,Q2,2026,EQ,"1,809.10","1,814.90","1,777.00","1,804.60","1,783.00","1,783.50","1,792.21","1,842.80","1,290.50","1,224,826.00",61926.00
29-May-26,Friday,May,Q2,2026,EQ,"1,836.40","1,840.70","1,796.40","1,824.50","1,809.00","1,804.60","1,808.14","1,842.80","1,290.50","3,554,087.00",92673.00
27-May-26,Wednesday,May,Q2,2026,EQ,"1,810.00","1,842.80","1,809.90","1,811.20","1,823.00","1,824.50","1,828.01","1,842.80","1,290.50","2,102,406.00",68553.00
26-May-26,Tuesday,May,Q2,2026,EQ,"1,805.00","1,820.50","1,800.00","1,802.90","1,809.90","1,811.20","1,810.20","1,823.90","1,290.50","2,104,926.00",59370.00
25-May-26,Monday,May,Q2,2026,EQ,"1,809.00","1,813.30","1,793.00","1,786.90","1,805.00","1,802.90","1,802.33","1,823.90","1,290.50","1,516,143.00",49906.00
22-May-26,Friday,May,Q2,2026,EQ,"1,793.30","1,802.30","1,780.50","1,793.30","1,785.00","1,786.90","1,791.01","1,823.90","1,290.50","1,487,044.00",67848.00
21-May-26,Thursday,May,Q2,2026,EQ,"1,781.40","1,800.80","1,776.80","1,772.60","1,790.00","1,793.30","1,790.39","1,823.90","1,290.50","1,628,329.00",50066.00
20-May-26,Wednesday,May,Q2,2026,EQ,"1,749.00","1,777.80","1,744.30","1,762.80","1,770.00","1,772.60","1,765.70","1,823.90","1,290.50","1,283,223.00",52534.00
19-May-26,Tuesday,May,Q2,2026,EQ,"1,790.80","1,805.00","1,758.80","1,787.70","1,764.00","1,762.80","1,783.02","1,823.90","1,290.50","2,274,987.00",65892.00
18-May-26,Monday,May,Q2,2026,EQ,"1,785.50","1,793.00","1,745.00","1,795.10","1,784.00","1,787.70","1,774.00","1,823.90","1,290.50","2,562,978.00",88980.00
15-May-26,Friday,May,Q2,2026,EQ,"1,796.80","1,823.90","1,766.20","1,773.40","1,791.00","1,795.10","1,801.07","1,823.90","1,290.50","5,622,212.00",140182.00
14-May-26,Thursday,May,Q2,2026,EQ,"1,761.00","1,782.50","1,745.40","1,737.80","1,781.00","1,773.40","1,764.46","1,792.00","1,290.50","3,051,398.00",93563.00
13-May-26,Wednesday,May,Q2,2026,EQ,"1,688.20","1,752.30","1,688.00","1,688.20","1,737.20","1,737.80","1,728.77","1,792.00","1,290.50","3,018,421.00",108478.00
12-May-26,Tuesday,May,Q2,2026,EQ,"1,752.00","1,765.90","1,683.20","1,767.30","1,691.00","1,688.20","1,709.64","1,792.00","1,290.50","3,441,070.00",120637.00
11-May-26,Monday,May,Q2,2026,EQ,"1,757.10","1,785.60","1,733.10","1,760.40","1,766.50","1,767.30","1,758.98","1,792.00","1,290.50","4,111,229.00",110490.00
8-May-26,Friday,May,Q2,2026,EQ,"1,740.40","1,792.00","1,727.70","1,732.80","1,760.00","1,760.40","1,761.21","1,792.00","1,285.70","4,984,856.00",113348.00
7-May-26,Thursday,May,Q2,2026,EQ,"1,748.30","1,755.90","1,708.00","1,748.30","1,735.00","1,732.80","1,730.06","1,762.40","1,285.70","3,280,485.00",109608.00
6-May-26,Wednesday,May,Q2,2026,EQ,"1,750.00","1,762.40","1,718.60","1,725.00","1,742.20","1,748.30","1,740.80","1,762.40","1,285.70","3,001,204.00",87343.00
5-May-26,Tuesday,May,Q2,2026,EQ,"1,749.80","1,757.40","1,718.70","1,742.60","1,726.80","1,725.00","1,735.87","1,757.40","1,285.70","4,357,699.00",117168.00
4-May-26,Monday,May,Q2,2026,EQ,"1,702.00","1,748.60","1,687.30","1,657.30","1,747.00","1,742.60","1,724.04","1,748.60","1,285.70","7,171,346.00",173473.00
30-Apr-26,Thursday,April,Q2,2026,EQ,"1,650.00","1,677.00","1,596.80","1,661.10","1,675.50","1,657.30","1,633.98","1,677.00","1,184.10","6,313,698.00",138819.00
29-Apr-26,Wednesday,April,Q2,2026,EQ,"1,645.00","1,672.00","1,644.90","1,637.60","1,655.00","1,661.10","1,660.41","1,672.00","1,184.10","2,345,365.00",78207.00
28-Apr-26,Tuesday,April,Q2,2026,EQ,"1,628.40","1,648.00","1,624.50","1,628.50","1,639.00","1,637.60","1,634.48","1,649.90","1,184.10","2,500,914.00",81873.00
27-Apr-26,Monday,April,Q2,2026,EQ,"1,600.00","1,649.90","1,593.00","1,585.10","1,628.00","1,628.50","1,630.06","1,649.90","1,184.10","3,787,783.00",113573.00
24-Apr-26,Friday,April,Q2,2026,EQ,"1,612.00","1,618.80","1,556.50","1,602.90","1,590.00","1,585.10","1,581.21","1,618.80","1,181.20","2,290,223.00",72977.00
23-Apr-26,Thursday,April,Q2,2026,EQ,"1,575.00","1,611.00","1,566.20","1,588.60","1,610.00","1,602.90","1,594.90","1,611.90","1,181.20","2,406,876.00",61031.00
22-Apr-26,Wednesday,April,Q2,2026,EQ,"1,588.90","1,603.40","1,582.00","1,594.10","1,589.70","1,588.60","1,591.61","1,611.90","1,181.20","1,918,773.00",53972.00
21-Apr-26,Tuesday,April,Q2,2026,EQ,"1,578.50","1,611.90","1,578.40","1,578.40","1,598.00","1,594.10","1,594.92","1,611.90","1,181.20","4,276,868.00",70354.00
20-Apr-26,Monday,April,Q2,2026,EQ,"1,572.40","1,600.50","1,566.10","1,573.40","1,572.10","1,578.40","1,585.29","1,600.50","1,181.20","2,998,603.00",80778.00
17-Apr-26,Friday,April,Q2,2026,EQ,"1,559.00","1,578.50","1,549.20","1,549.80","1,572.40","1,573.40","1,568.85","1,584.00","1,179.00","6,024,587.00",250872.00
16-Apr-26,Thursday,April,Q2,2026,EQ,"1,524.90","1,555.80","1,510.00","1,511.80","1,545.00","1,549.80","1,537.87","1,584.00","1,179.00","7,476,052.00",134267.00
15-Apr-26,Wednesday,April,Q2,2026,EQ,"1,484.30","1,515.00","1,480.90","1,465.30","1,508.00","1,511.80","1,506.37","1,584.00","1,179.00","4,415,637.00",125783.00
13-Apr-26,Monday,April,Q2,2026,EQ,"1,426.80","1,477.90","1,421.00","1,475.30","1,465.10","1,465.30","1,460.23","1,584.00","1,179.00","3,629,785.00",105717.00
10-Apr-26,Friday,April,Q2,2026,EQ,"1,442.00","1,478.10","1,438.30","1,447.40","1,474.10","1,475.30","1,463.95","1,584.00","1,041.50","4,026,881.00",93344.00
9-Apr-26,Thursday,April,Q2,2026,EQ,"1,437.00","1,456.20","1,415.20","1,453.30","1,442.20","1,447.40","1,440.93","1,584.00","1,041.50","3,159,307.00",128134.00
8-Apr-26,Wednesday,April,Q2,2026,EQ,"1,464.90","1,505.70","1,449.00","1,381.00","1,452.00","1,453.30","1,468.42","1,584.00","1,041.50","7,636,467.00",209499.00
7-Apr-26,Tuesday,April,Q2,2026,EQ,"1,375.00","1,390.00","1,368.40","1,387.10","1,382.00","1,381.00","1,378.77","1,584.00","1,041.50","1,812,944.00",72924.00
6-Apr-26,Monday,April,Q2,2026,EQ,"1,379.80","1,391.80","1,348.10","1,377.60","1,390.60","1,387.10","1,369.23","1,584.00","1,041.50","2,519,628.00",88893.00
2-Apr-26,Thursday,April,Q2,2026,EQ,"1,354.40","1,384.20","1,332.60","1,385.40","1,380.00","1,377.60","1,358.08","1,584.00","1,041.50","3,210,456.00",104270.00
1-Apr-26,Wednesday,April,Q2,2026,EQ,"1,351.20","1,405.40","1,348.70","1,312.60","1,386.50","1,385.40","1,382.31","1,584.00","1,041.50","3,684,039.00",103786.00
30-Mar-26,Monday,March,Q1,2026,EQ,"1,325.00","1,337.30","1,307.10","1,337.80","1,312.00","1,312.60","1,319.33","1,584.00","1,041.50","2,856,500.00",110016.00
27-Mar-26,Friday,March,Q1,2026,EQ,"1,375.00","1,375.00","1,330.10","1,375.90","1,339.90","1,337.80","1,343.11","1,584.00","1,041.50","2,667,313.00",110962.00
25-Mar-26,Wednesday,March,Q1,2026,EQ,"1,359.70","1,392.70","1,354.80","1,344.20","1,376.00","1,375.90","1,381.38","1,584.00","1,041.50","1,856,531.00",100144.00
24-Mar-26,Tuesday,March,Q1,2026,EQ,"1,343.00","1,361.00","1,313.60","1,303.60","1,345.00","1,344.20","1,336.85","1,584.00","1,041.50","3,132,212.00",108511.00
23-Mar-26,Monday,March,Q1,2026,EQ,"1,350.00","1,350.00","1,293.50","1,365.40","1,307.00","1,303.60","1,308.23","1,584.00","1,041.50","3,361,416.00",169409.00
20-Mar-26,Friday,March,Q1,2026,EQ,"1,364.90","1,393.50","1,358.00","1,356.00","1,368.00","1,365.40","1,368.51","1,584.00","1,041.50","4,213,342.00",98060.00
19-Mar-26,Thursday,March,Q1,2026,EQ,"1,377.00","1,379.60","1,350.50","1,401.90","1,360.00","1,356.00","1,364.98","1,584.00","1,041.50","2,160,622.00",111964.00
18-Mar-26,Wednesday,March,Q1,2026,EQ,"1,367.10","1,411.10","1,367.10","1,365.50","1,401.80","1,401.90","1,396.43","1,584.00","1,041.50","1,956,685.00",82283.00
17-Mar-26,Tuesday,March,Q1,2026,EQ,"1,379.00","1,379.00","1,351.20","1,373.90","1,369.00","1,365.50","1,363.76","1,584.00","1,041.50","2,605,905.00",101502.00
16-Mar-26,Monday,March,Q1,2026,EQ,"1,356.60","1,383.10","1,347.00","1,363.20","1,372.40","1,373.90","1,368.68","1,584.00","1,041.50","3,322,087.00",126449.00
13-Mar-26,Friday,March,Q1,2026,EQ,"1,388.70","1,390.00","1,354.00","1,391.50","1,368.80","1,363.20","1,365.19","1,584.00","1,041.50","2,688,559.00",142681.00
12-Mar-26,Thursday,March,Q1,2026,EQ,"1,402.50","1,418.60","1,375.30","1,410.80","1,392.00","1,391.50","1,398.43","1,584.00","1,041.50","2,699,173.00",114814.00
11-Mar-26,Wednesday,March,Q1,2026,EQ,"1,425.00","1,454.90","1,405.70","1,424.10","1,412.00","1,410.80","1,430.35","1,584.00","1,041.50","2,212,011.00",101067.00
10-Mar-26,Tuesday,March,Q1,2026,EQ,"1,450.00","1,470.30","1,416.50","1,421.30","1,428.00","1,424.10","1,428.09","1,584.00","1,041.50","2,706,284.00",88266.00
9-Mar-26,Monday,March,Q1,2026,EQ,"1,405.00","1,436.10","1,405.00","1,477.50","1,424.90","1,421.30","1,420.26","1,584.00","1,041.50","4,874,245.00",175170.00
6-Mar-26,Friday,March,Q1,2026,EQ,"1,489.00","1,497.80","1,470.00","1,499.30","1,475.60","1,477.50","1,484.42","1,584.00","1,036.50","2,576,061.00",104279.00
5-Mar-26,Thursday,March,Q1,2026,EQ,"1,447.20","1,505.50","1,447.20","1,434.40","1,489.20","1,499.30","1,478.87","1,584.00","1,036.50","3,236,481.00",106475.00
4-Mar-26,Wednesday,March,Q1,2026,EQ,"1,435.00","1,450.50","1,409.00","1,470.30","1,436.60","1,434.40","1,429.74","1,584.00","1,036.50","3,386,838.00",125131.00
2-Mar-26,Monday,March,Q1,2026,EQ,"1,462.00","1,497.30","1,430.00","1,521.00","1,468.90","1,470.30","1,464.56","1,584.00","1,036.50","4,207,514.00",173392.00
27-Feb-26,Friday,February,Q1,2026,EQ,"1,545.00","1,545.10","1,516.20","1,550.60","1,519.90","1,521.00","1,528.31","1,584.00","1,036.50","1,596,106.00",55578.00
26-Feb-26,Thursday,February,Q1,2026,EQ,"1,537.60","1,554.60","1,526.00","1,528.70","1,548.00","1,550.60","1,542.74","1,584.00","1,036.50","1,353,287.00",69039.00
25-Feb-26,Wednesday,February,Q1,2026,EQ,"1,567.00","1,584.00","1,518.50","1,555.40","1,529.00","1,528.70","1,545.77","1,584.00","1,036.50","2,153,982.00",74386.00
24-Feb-26,Tuesday,February,Q1,2026,EQ,"1,553.70","1,564.00","1,536.40","1,555.80","1,561.90","1,555.40","1,547.84","1,583.90","1,036.50","1,360,612.00",57521.00
23-Feb-26,Monday,February,Q1,2026,EQ,"1,511.00","1,564.50","1,510.80","1,511.50","1,554.00","1,555.80","1,550.49","1,583.90","1,036.50","3,113,728.00",98084.00
20-Feb-26,Friday,February,Q1,2026,EQ,"1,513.30","1,529.20","1,505.20","1,513.30","1,515.30","1,511.50","1,515.25","1,583.90","1,036.50","1,126,987.00",32537.00
19-Feb-26,Thursday,February,Q1,2026,EQ,"1,550.00","1,550.80","1,506.70","1,550.80","1,511.70","1,513.30","1,529.51","1,583.90","1,036.50","984,392.00",44344.00
18-Feb-26,Wednesday,February,Q1,2026,EQ,"1,565.00","1,565.00","1,540.00","1,566.30","1,550.00","1,550.80","1,549.12","1,583.90","1,036.50","1,326,139.00",47674.00
17-Feb-26,Tuesday,February,Q1,2026,EQ,"1,545.00","1,576.50","1,535.70","1,540.10","1,562.60","1,566.30","1,563.33","1,583.90","1,036.50","3,168,457.00",68993.00
16-Feb-26,Monday,February,Q1,2026,EQ,"1,517.50","1,545.50","1,495.30","1,519.00","1,538.00","1,540.10","1,524.37","1,583.90","1,036.50","1,644,108.00",64622.00
13-Feb-26,Friday,February,Q1,2026,EQ,"1,543.00","1,543.00","1,507.00","1,543.70","1,508.00","1,519.00","1,519.98","1,583.90","1,036.50","1,838,361.00",67996.00
12-Feb-26,Thursday,February,Q1,2026,EQ,"1,542.10","1,551.00","1,532.50","1,553.40","1,543.40","1,543.70","1,540.72","1,583.90","1,036.50","1,107,584.00",50330.00
11-Feb-26,Wednesday,February,Q1,2026,EQ,"1,554.70","1,559.40","1,539.20","1,554.70","1,548.20","1,553.40","1,548.61","1,583.90","1,036.50","1,359,416.00",44332.00
10-Feb-26,Tuesday,February,Q1,2026,EQ,"1,565.00","1,568.00","1,525.00","1,561.70","1,550.00","1,554.70","1,551.93","1,583.90","1,036.50","1,643,366.00",56747.00
9-Feb-26,Monday,February,Q1,2026,EQ,"1,575.90","1,583.90","1,554.50","1,550.70","1,557.00","1,561.70","1,564.02","1,583.90","1,036.50","1,761,025.00",54926.00
6-Feb-26,Friday,February,Q1,2026,EQ,"1,563.00","1,575.50","1,527.00","1,570.20","1,549.50","1,550.70","1,559.05","1,577.70","1,036.50","4,429,173.00",69792.00
5-Feb-26,Thursday,February,Q1,2026,EQ,"1,568.00","1,577.70","1,548.60","1,567.90","1,566.50","1,570.20","1,564.43","1,577.70","1,036.50","3,285,127.00",87496.00
4-Feb-26,Wednesday,February,Q1,2026,EQ,"1,529.90","1,572.30","1,508.50","1,530.80","1,565.20","1,567.90","1,547.39","1,572.30","1,036.50","6,632,728.00",137551.00
3-Feb-26,Tuesday,February,Q1,2026,EQ,"1,477.20","1,537.00","1,477.20","1,403.10","1,532.00","1,530.80","1,513.68","1,549.00","1,036.50","11,977,119.00",230582.00
2-Feb-26,Monday,February,Q1,2026,EQ,"1,348.00","1,406.00","1,348.00","1,344.90","1,402.50","1,403.10","1,379.41","1,549.00","1,036.50","2,796,673.00",91119.00
1-Feb-26,Sunday,February,Q1,2026,EQ,"1,419.80","1,453.90","1,325.00","1,419.80","1,347.90","1,344.90","1,390.21","1,549.00","1,010.75","1,975,061.00",68751.00
30-Jan-26,Friday,January,Q1,2026,EQ,"1,417.80","1,428.50","1,407.00","1,417.80","1,417.00","1,419.80","1,419.29","1,549.00","1,010.75","2,227,414.00",48408.00
29-Jan-26,Thursday,January,Q1,2026,EQ,"1,384.90","1,429.00","1,371.60","1,381.90","1,417.10","1,417.80","1,407.41","1,549.00","1,010.75","3,918,681.00",64249.00
28-Jan-26,Wednesday,January,Q1,2026,EQ,"1,373.90","1,384.30","1,363.70","1,363.90","1,379.60","1,381.90","1,377.14","1,549.00","1,010.75","2,938,285.00",60309.00
27-Jan-26,Tuesday,January,Q1,2026,EQ,"1,334.30","1,368.30","1,322.00","1,308.40","1,365.00","1,363.90","1,352.72","1,549.00","1,010.75","3,838,632.00",111797.00
23-Jan-26,Friday,January,Q1,2026,EQ,"1,417.00","1,417.00","1,292.00","1,414.20","1,314.90","1,308.40","1,332.03","1,549.00","1,010.75","6,380,222.00",156201.00
22-Jan-26,Thursday,January,Q1,2026,EQ,"1,400.00","1,421.70","1,388.50","1,378.60","1,416.10","1,414.20","1,410.22","1,549.00","1,010.75","1,689,638.00",70921.00
21-Jan-26,Wednesday,January,Q1,2026,EQ,"1,371.70","1,390.40","1,345.00","1,367.60","1,379.00","1,378.60","1,373.00","1,549.00","1,010.75","2,141,532.00",91155.00
20-Jan-26,Tuesday,January,Q1,2026,EQ,"1,409.00","1,412.90","1,359.60","1,403.00","1,375.60","1,367.60","1,382.62","1,549.00","1,010.75","1,799,611.00",57324.00
19-Jan-26,Monday,January,Q1,2026,EQ,"1,421.00","1,421.00","1,395.60","1,421.90","1,403.30","1,403.00","1,405.55","1,549.00","1,010.75","1,130,162.00",47724.00
16-Jan-26,Friday,January,Q1,2026,EQ,"1,430.00","1,448.00","1,416.10","1,430.00","1,424.30","1,421.90","1,432.93","1,549.00","1,010.75","1,556,318.00",48618.00
14-Jan-26,Wednesday,January,Q1,2026,EQ,"1,429.00","1,438.90","1,423.00","1,428.60","1,429.00","1,430.00","1,431.10","1,549.00","1,010.75","1,278,819.00",43686.00
13-Jan-26,Tuesday,January,Q1,2026,EQ,"1,443.50","1,449.00","1,420.00","1,443.50","1,429.90","1,428.60","1,432.94","1,549.00","1,010.75","919,873.00",35182.00
12-Jan-26,Monday,January,Q1,2026,EQ,"1,435.90","1,447.10","1,403.90","1,435.90","1,445.60","1,443.50","1,425.22","1,549.00","1,010.75","1,539,180.00",64681.00
9-Jan-26,Friday,January,Q1,2026,EQ,"1,463.00","1,463.00","1,431.00","1,465.20","1,434.40","1,435.90","1,443.48","1,549.00","1,010.75","2,280,396.00",70295.00
8-Jan-26,Thursday,January,Q1,2026,EQ,"1,468.00","1,489.00","1,460.30","1,465.30","1,464.00","1,465.20","1,475.26","1,549.00","1,010.75","1,974,347.00",62292.00
7-Jan-26,Wednesday,January,Q1,2026,EQ,"1,473.20","1,480.40","1,459.00","1,473.20","1,464.80","1,465.30","1,466.65","1,549.00","1,010.75","2,124,534.00",42304.00
6-Jan-26,Tuesday,January,Q1,2026,EQ,"1,490.00","1,493.00","1,470.70","1,493.00","1,475.00","1,473.20","1,478.72","1,549.00","1,010.75","1,675,609.00",70892.00
5-Jan-26,Monday,January,Q1,2026,EQ,"1,488.00","1,496.80","1,479.10","1,489.50","1,491.50","1,493.00","1,488.97","1,549.00","1,010.75","790,039.00",32128.00
2-Jan-26,Friday,January,Q1,2026,EQ,"1,480.10","1,495.00","1,478.30","1,481.10","1,490.00","1,489.50","1,489.42","1,549.00","1,010.75","1,251,176.00",53129.00
1-Jan-26,Thursday,January,Q1,2026,EQ,"1,472.80","1,490.90","1,470.40","1,469.80","1,478.30","1,481.10","1,483.37","1,549.00","1,010.75","981,252.00",36178.00
31-Dec-25,Wednesday,December,Q4,2025,EQ,"1,468.50","1,475.00","1,461.30","1,461.20","1,469.70","1,469.80","1,469.29","1,549.00","1,010.75","707,055.00",27709.00
30-Dec-25,Tuesday,December,Q4,2025,EQ,"1,450.00","1,470.50","1,447.30","1,454.40","1,468.50","1,461.20","1,461.82","1,549.00","1,010.75","3,463,973.00",88818.00
29-Dec-25,Monday,December,Q4,2025,EQ,"1,487.10","1,487.10","1,451.00","1,487.10","1,453.40","1,454.40","1,461.79","1,549.00","1,010.75","1,568,472.00",51994.00
26-Dec-25,Friday,December,Q4,2025,EQ,"1,499.60","1,501.40","1,485.00","1,494.30","1,487.10","1,487.10","1,492.18","1,549.00","1,010.75","876,540.00",33853.00
24-Dec-25,Wednesday,December,Q4,2025,EQ,"1,503.00","1,507.20","1,492.00","1,493.60","1,496.50","1,494.30","1,501.70","1,549.00","1,010.75","1,318,023.00",43520.00
23-Dec-25,Tuesday,December,Q4,2025,EQ,"1,508.70","1,513.80","1,491.20","1,508.70","1,492.80","1,493.60","1,501.32","1,549.00","1,010.75","928,446.00",32099.00
22-Dec-25,Monday,December,Q4,2025,EQ,"1,497.50","1,515.00","1,497.50","1,496.40","1,507.50","1,508.70","1,507.77","1,549.00","1,010.75","1,116,833.00",42723.00
19-Dec-25,Friday,December,Q4,2025,EQ,"1,495.00","1,503.70","1,490.70","1,495.70","1,497.00","1,496.40","1,496.02","1,549.00","1,010.75","1,276,175.00",51213.00
18-Dec-25,Thursday,December,Q4,2025,EQ,"1,486.40","1,498.00","1,476.00","1,486.30","1,497.40","1,495.70","1,488.15","1,549.00","1,010.75","683,681.00",37224.00
17-Dec-25,Wednesday,December,Q4,2025,EQ,"1,494.10","1,500.00","1,479.30","1,499.00","1,487.10","1,486.30","1,488.11","1,549.00","1,010.75","964,352.00",46665.00
16-Dec-25,Tuesday,December,Q4,2025,EQ,"1,512.60","1,512.60","1,494.20","1,512.60","1,497.90","1,499.00","1,501.98","1,549.00","1,010.75","1,122,212.00",70462.00
15-Dec-25,Monday,December,Q4,2025,EQ,"1,522.80","1,522.80","1,508.10","1,522.80","1,510.00","1,512.60","1,514.19","1,549.00","1,010.75","850,425.00",49822.00
12-Dec-25,Friday,December,Q4,2025,EQ,"1,512.00","1,527.40","1,509.50","1,504.00","1,521.00","1,522.80","1,519.52","1,549.00","1,010.75","1,152,570.00",49543.00
11-Dec-25,Thursday,December,Q4,2025,EQ,"1,496.00","1,515.00","1,495.00","1,498.10","1,509.10","1,504.00","1,505.79","1,549.00","1,010.75","1,451,645.00",51237.00
10-Dec-25,Wednesday,December,Q4,2025,EQ,"1,500.00","1,521.00","1,493.60","1,497.20","1,496.00","1,498.10","1,508.70","1,549.00","1,010.75","1,677,388.00",65876.00
9-Dec-25,Tuesday,December,Q4,2025,EQ,"1,476.90","1,499.20","1,460.90","1,480.50","1,496.70","1,497.20","1,487.00","1,549.00","1,010.75","1,327,921.00",58661.00
8-Dec-25,Monday,December,Q4,2025,EQ,"1,509.40","1,510.90","1,472.60","1,509.40","1,480.30","1,480.50","1,487.37","1,549.00","1,010.75","1,070,689.00",49838.00
5-Dec-25,Friday,December,Q4,2025,EQ,"1,504.60","1,514.00","1,493.30","1,505.60","1,511.00","1,509.40","1,503.91","1,549.00","1,010.75","1,141,428.00",36597.00
4-Dec-25,Thursday,December,Q4,2025,EQ,"1,497.70","1,509.10","1,490.20","1,497.70","1,507.70","1,505.60","1,502.50","1,549.00","1,010.75","1,591,805.00",85391.00
3-Dec-25,Wednesday,December,Q4,2025,EQ,"1,514.00","1,524.00","1,488.60","1,518.10","1,500.30","1,497.70","1,502.43","1,549.00","1,010.75","1,958,074.00",60469.00
2-Dec-25,Tuesday,December,Q4,2025,EQ,"1,528.10","1,530.00","1,510.00","1,530.50","1,519.00","1,518.10","1,517.81","1,549.00","1,010.75","1,974,536.00",59646.00
1-Dec-25,Monday,December,Q4,2025,EQ,"1,530.00","1,549.00","1,523.00","1,516.90","1,531.50","1,530.50","1,536.79","1,549.00","1,010.75","4,059,126.00",115935.00
28-Nov-25,Friday,November,Q4,2025,EQ,"1,510.00","1,534.30","1,503.10","1,509.10","1,516.50","1,516.90","1,522.17","1,534.30","1,010.75","2,612,938.00",79458.00
27-Nov-25,Thursday,November,Q4,2025,EQ,"1,511.80","1,513.90","1,501.00","1,506.20","1,505.60","1,509.10","1,507.04","1,523.60","1,010.75","861,910.00",51591.00
26-Nov-25,Wednesday,November,Q4,2025,EQ,"1,484.30","1,523.00","1,484.30","1,483.90","1,508.10","1,506.20","1,511.88","1,523.60","1,010.75","3,986,754.00",76062.00
25-Nov-25,Tuesday,November,Q4,2025,EQ,"1,490.00","1,492.40","1,474.50","1,485.90","1,480.50","1,483.90","1,482.15","1,523.60","1,010.75","1,355,333.00",61360.00
24-Nov-25,Monday,November,Q4,2025,EQ,"1,482.00","1,490.20","1,471.30","1,479.80","1,485.30","1,485.90","1,483.42","1,523.60","1,010.75","2,485,518.00",62297.00
21-Nov-25,Friday,November,Q4,2025,EQ,"1,492.00","1,492.30","1,467.10","1,491.10","1,479.30","1,479.80","1,478.24","1,523.60",995.65,1165365,45943.00
20-Nov-25,Thursday,November,Q4,2025,EQ,"1,500.00","1,505.00","1,487.60","1,484.20","1,490.40","1,491.10","1,495.86","1,523.60",995.65,1459401,53609.00
19-Nov-25,Wednesday,November,Q4,2025,EQ,"1,499.00","1,499.50","1,478.00","1,495.00","1,484.00","1,484.20","1,485.43","1,523.60",995.65,1746304,71029.00
18-Nov-25,Tuesday,November,Q4,2025,EQ,"1,518.90","1,518.90","1,490.20","1,507.60","1,491.20","1,495.00","1,499.51","1,523.60",995.65,1818617,48670.00
17-Nov-25,Monday,November,Q4,2025,EQ,"1,518.90","1,519.00","1,503.00","1,512.70","1,509.80","1,507.60","1,508.01","1,523.60",995.65,1750560,65737.00
14-Nov-25,Friday,November,Q4,2025,EQ,"1,500.00","1,523.60","1,497.00","1,499.00","1,514.60","1,512.70","1,512.27","1,523.60",995.65,2345593,69833.00
13-Nov-25,Thursday,November,Q4,2025,EQ,"1,515.00","1,515.00","1,487.80","1,506.90","1,496.70","1,499.00","1,502.55","1,515.00",995.65,2304918,69310.00
12-Nov-25,Wednesday,November,Q4,2025,EQ,"1,477.00","1,515.00","1,475.50","1,474.40","1,505.00","1,506.90","1,502.94","1,515.00",995.65,4641466,134212.00
11-Nov-25,Tuesday,November,Q4,2025,EQ,"1,453.00","1,476.00","1,437.80","1,444.90","1,474.10","1,474.40","1,461.14","1,494.00",995.65,2258827,74892.00
10-Nov-25,Monday,November,Q4,2025,EQ,"1,452.20","1,463.90","1,441.00","1,448.30","1,444.00","1,444.90","1,448.77","1,494.00",995.65,1161695,56441.00
7-Nov-25,Friday,November,Q4,2025,EQ,"1,435.00","1,464.00","1,425.00","1,436.80","1,448.90","1,448.30","1,447.83","1,494.00",995.65,2184538,77253.00
6-Nov-25,Thursday,November,Q4,2025,EQ,"1,452.10","1,466.30","1,434.30","1,444.40","1,435.70","1,436.80","1,450.67","1,494.00",995.65,2745063,89710.00
4-Nov-25,Tuesday,November,Q4,2025,EQ,"1,449.60","1,466.30","1,432.00","1,444.70","1,441.90","1,444.40","1,448.31","1,494.00",995.65,3554714,107189.00
3-Nov-25,Monday,November,Q4,2025,EQ,"1,451.50","1,457.40","1,435.30","1,451.50","1,446.20","1,444.70","1,445.04","1,494.00",995.65,1059573,54281.00
31-Oct-25,Friday,October,Q4,2025,EQ,"1,457.90","1,461.70","1,443.00","1,457.90","1,450.50","1,451.50","1,452.09","1,494.00",995.65,1141853,58124.00
30-Oct-25,Thursday,October,Q4,2025,EQ,"1,458.00","1,463.00","1,449.60","1,454.80","1,458.00","1,457.90","1,456.99","1,494.00",995.65,1380931,48332.00
29-Oct-25,Wednesday,October,Q4,2025,EQ,"1,424.10","1,464.80","1,421.60","1,417.90","1,456.00","1,454.80","1,451.41","1,494.00",995.65,3578596,88810.00
28-Oct-25,Tuesday,October,Q4,2025,EQ,"1,425.90","1,435.00","1,410.00","1,420.60","1,418.90","1,417.90","1,420.48","1,494.00",995.65,2068057,124541.00
27-Oct-25,Monday,October,Q4,2025,EQ,"1,429.00","1,429.80","1,410.00","1,429.00","1,421.70","1,420.60","1,418.86","1,494.00",995.65,2280976,112873.00
24-Oct-25,Friday,October,Q4,2025,EQ,"1,463.00","1,463.50","1,422.30","1,453.10","1,426.70","1,429.00","1,434.56","1,494.00",995.65,1907383,73677.00
23-Oct-25,Thursday,October,Q4,2025,EQ,"1,478.80","1,483.50","1,450.30","1,473.50","1,453.80","1,453.10","1,464.07","1,494.00",995.65,2999137,96257.00
21-Oct-25,Tuesday,October,Q4,2025,EQ,"1,477.00","1,481.50","1,470.00","1,467.00","1,472.00","1,473.50","1,476.16","1,494.00",995.65,394024,14070.00
20-Oct-25,Monday,October,Q4,2025,EQ,"1,488.00","1,489.00","1,459.10","1,479.40","1,464.90","1,467.00","1,473.77","1,494.00",995.65,2660484,78908.00
17-Oct-25,Friday,October,Q4,2025,EQ,"1,479.50","1,489.00","1,462.50","1,479.50","1,478.00","1,479.40","1,476.50","1,494.00",995.65,3290072,81131.00
16-Oct-25,Thursday,October,Q4,2025,EQ,"1,454.00","1,490.50","1,453.00","1,450.70","1,477.00","1,479.50","1,478.70","1,494.00",995.65,6512312,141697.00
15-Oct-25,Wednesday,October,Q4,2025,EQ,"1,430.00","1,456.30","1,430.00","1,429.00","1,451.50","1,450.70","1,445.30","1,494.00",995.65,2675240,55461.00
14-Oct-25,Tuesday,October,Q4,2025,EQ,"1,440.00","1,442.20","1,422.00","1,437.80","1,425.00","1,429.00","1,433.41","1,494.00",995.65,2640234,47599.00
13-Oct-25,Monday,October,Q4,2025,EQ,"1,400.80","1,441.90","1,396.00","1,409.40","1,439.00","1,437.80","1,427.88","1,494.00",995.65,2245061,84743.00
10-Oct-25,Friday,October,Q4,2025,EQ,"1,400.50","1,418.00","1,395.70","1,395.60","1,411.30","1,409.40","1,410.65","1,494.00",995.65,1359246,50099.00
9-Oct-25,Thursday,October,Q4,2025,EQ,"1,394.50","1,399.80","1,388.40","1,394.30","1,395.40","1,395.60","1,394.57","1,494.00",995.65,1250770,40081.00
8-Oct-25,Wednesday,October,Q4,2025,EQ,"1,399.40","1,411.10","1,386.00","1,399.50","1,390.90","1,394.30","1,396.92","1,494.00",995.65,1704405,49224.00
7-Oct-25,Tuesday,October,Q4,2025,EQ,"1,400.80","1,415.00","1,397.30","1,400.50","1,398.70","1,399.50","1,404.67","1,494.00",995.65,1608151,59677.00
6-Oct-25,Monday,October,Q4,2025,EQ,"1,419.10","1,419.10","1,395.00","1,419.10","1,400.80","1,400.50","1,402.19","1,494.00",995.65,1338654,45098.00
3-Oct-25,Friday,October,Q4,2025,EQ,"1,413.00","1,431.00","1,412.50","1,422.70","1,419.90","1,419.10","1,419.27","1,494.00",995.65,1576970,45304.00
1-Oct-25,Wednesday,October,Q4,2025,EQ,"1,406.00","1,426.90","1,392.70","1,403.50","1,422.90","1,422.70","1,409.05","1,494.00",995.65,1602493,66187.00
30-Sep-25,Tuesday,September,Q3,2025,EQ,"1,389.70","1,408.00","1,387.20","1,383.20","1,406.10","1,403.50","1,399.19","1,494.00",995.65,1999250,75067.00
29-Sep-25,Monday,September,Q3,2025,EQ,"1,393.60","1,401.30","1,377.60","1,392.00","1,392.00","1,383.20","1,386.67","1,494.00",995.65,1978395,62973.00
26-Sep-25,Friday,September,Q3,2025,EQ,"1,407.20","1,416.70","1,390.30","1,407.20","1,391.40","1,392.00","1,404.25","1,494.00",995.65,1899079,59555.00
25-Sep-25,Thursday,September,Q3,2025,EQ,"1,431.70","1,439.90","1,404.10","1,431.60","1,408.00","1,407.20","1,421.96","1,494.00",995.65,1970560,63647.00
24-Sep-25,Wednesday,September,Q3,2025,EQ,"1,445.00","1,452.40","1,429.10","1,441.60","1,431.70","1,431.60","1,439.77","1,494.00",995.65,2603193,70692.00
23-Sep-25,Tuesday,September,Q3,2025,EQ,"1,453.00","1,455.00","1,423.10","1,444.20","1,438.80","1,441.60","1,441.37","1,494.00",995.65,2550337,72812.00
22-Sep-25,Monday,September,Q3,2025,EQ,"1,433.00","1,461.70","1,425.00","1,427.80","1,445.00","1,444.20","1,447.95","1,494.00",995.65,5490489,119409.00
19-Sep-25,Friday,September,Q3,2025,EQ,"1,447.80","1,460.00","1,425.00","1,412.80","1,429.00","1,427.80","1,438.94","1,494.00",995.65,8069167,156496.00
18-Sep-25,Thursday,September,Q3,2025,EQ,"1,410.00","1,415.00","1,401.00","1,406.10","1,411.00","1,412.80","1,408.54","1,494.00",995.65,1416920,75730.00
17-Sep-25,Wednesday,September,Q3,2025,EQ,"1,410.00","1,413.10","1,396.20","1,408.20","1,406.30","1,406.10","1,404.03","1,494.00",995.65,1062568,50606.00
16-Sep-25,Tuesday,September,Q3,2025,EQ,"1,400.00","1,412.60","1,396.60","1,395.20","1,408.10","1,408.20","1,405.77","1,494.00",995.65,1636246,47104.00
15-Sep-25,Monday,September,Q3,2025,EQ,"1,393.10","1,409.00","1,392.20","1,393.10","1,397.00","1,395.20","1,399.29","1,494.00",995.65,1254831,57931.00
12-Sep-25,Friday,September,Q3,2025,EQ,"1,395.50","1,406.50","1,391.10","1,393.10","1,393.90","1,393.10","1,397.13","1,494.00",995.65,1466190,54307.00
11-Sep-25,Thursday,September,Q3,2025,EQ,"1,404.90","1,423.10","1,388.00","1,389.10","1,394.80","1,393.10","1,406.64","1,494.00",995.65,4041646,107883.00
10-Sep-25,Wednesday,September,Q3,2025,EQ,"1,400.00","1,404.90","1,385.00","1,380.90","1,389.00","1,389.10","1,392.82","1,494.00",995.65,2553605,84546.00
9-Sep-25,Tuesday,September,Q3,2025,EQ,"1,354.70","1,385.00","1,348.30","1,348.30","1,382.50","1,380.90","1,373.22","1,494.00",995.65,3515252,82527.00
8-Sep-25,Monday,September,Q3,2025,EQ,"1,321.90","1,363.40","1,321.90","1,321.80","1,351.00","1,348.30","1,351.12","1,494.00",995.65,1445628,51284.00
5-Sep-25,Friday,September,Q3,2025,EQ,"1,330.00","1,335.70","1,312.80","1,328.20","1,321.10","1,321.80","1,323.60","1,499.50",995.65,1135666,33571.00
4-Sep-25,Thursday,September,Q3,2025,EQ,"1,338.00","1,348.00","1,326.00","1,332.40","1,330.10","1,328.20","1,334.58","1,499.50",995.65,1350147,62736.00
3-Sep-25,Wednesday,September,Q3,2025,EQ,"1,338.00","1,344.80","1,327.60","1,336.20","1,334.00","1,332.40","1,334.58","1,499.50",995.65,1774676,64036.00
2-Sep-25,Tuesday,September,Q3,2025,EQ,"1,340.90","1,348.80","1,328.20","1,335.30","1,337.00","1,336.20","1,338.50","1,499.50",995.65,1495993,58052.00
1-Sep-25,Monday,September,Q3,2025,EQ,"1,318.30","1,338.50","1,316.10","1,312.80","1,334.00","1,335.30","1,331.79","1,499.50",995.65,983914,43998.00
29-Aug-25,Friday,August,Q3,2025,EQ,"1,318.00","1,322.90","1,303.00","1,315.40","1,313.00","1,312.80","1,313.68","1,499.50",995.65,1592903,71354.00
28-Aug-25,Thursday,August,Q3,2025,EQ,"1,316.90","1,338.80","1,311.20","1,315.40","1,317.50","1,315.40","1,323.36","1,499.50",995.65,1785681,88036.00
26-Aug-25,Tuesday,August,Q3,2025,EQ,"1,335.20","1,339.90","1,310.00","1,340.40","1,313.40","1,315.40","1,321.81","1,499.50",995.65,1652272,65695.00
25-Aug-25,Monday,August,Q3,2025,EQ,"1,341.30","1,348.90","1,332.50","1,341.20","1,344.60","1,340.40","1,339.03","1,499.50",995.65,1214246,46434.00
22-Aug-25,Friday,August,Q3,2025,EQ,"1,364.00","1,364.00","1,338.20","1,361.80","1,340.90","1,341.20","1,346.88","1,517.00",995.65,1210284,50793.00
21-Aug-25,Thursday,August,Q3,2025,EQ,"1,371.10","1,377.80","1,355.30","1,370.60","1,360.00","1,361.80","1,366.94","1,517.00",995.65,1227167,63316.00
20-Aug-25,Wednesday,August,Q3,2025,EQ,"1,369.40","1,374.60","1,358.00","1,369.40","1,372.00","1,370.60","1,368.30","1,517.00",995.65,1594619,52389.00
19-Aug-25,Tuesday,August,Q3,2025,EQ,"1,332.00","1,371.70","1,325.00","1,327.20","1,370.00","1,369.40","1,353.05","1,517.00",995.65,3150673,100126.00
18-Aug-25,Monday,August,Q3,2025,EQ,"1,321.90","1,332.00","1,295.00","1,300.30","1,330.00","1,327.20","1,305.42","1,517.00",995.65,10225114,77407.00
14-Aug-25,Thursday,August,Q3,2025,EQ,"1,324.80","1,329.00","1,290.50","1,319.60","1,301.40","1,300.30","1,301.48","1,524.25",995.65,2298528,67064.00
13-Aug-25,Wednesday,August,Q3,2025,EQ,"1,335.20","1,339.30","1,316.60","1,330.50","1,320.90","1,319.60","1,325.79","1,524.25",995.65,1205658,48099.00
12-Aug-25,Tuesday,August,Q3,2025,EQ,"1,342.00","1,349.60","1,328.20","1,339.40","1,328.20","1,330.50","1,338.40","1,524.25",995.65,1260241,53736.00
11-Aug-25,Monday,August,Q3,2025,EQ,"1,325.00","1,348.30","1,313.70","1,325.00","1,342.80","1,339.40","1,331.27","1,524.25",995.65,2053173,90873.00
8-Aug-25,Friday,August,Q3,2025,EQ,"1,345.40","1,356.90","1,317.70","1,345.40","1,325.00","1,325.00","1,329.36","1,563.45",995.65,1561061,75429.00
7-Aug-25,Thursday,August,Q3,2025,EQ,"1,351.00","1,357.90","1,315.00","1,367.10","1,347.50","1,345.40","1,334.10","1,563.45",995.65,2857406,100351.00
6-Aug-25,Wednesday,August,Q3,2025,EQ,"1,374.00","1,386.90","1,358.10","1,358.10","1,366.90","1,367.10","1,370.55","1,563.45",995.65,2293293,81834.00
5-Aug-25,Tuesday,August,Q3,2025,EQ,"1,392.00","1,394.20","1,346.00","1,388.90","1,361.90","1,358.10","1,371.87","1,563.45",995.65,3000067,107444.00
4-Aug-25,Monday,August,Q3,2025,EQ,"1,349.80","1,397.00","1,345.20","1,347.10","1,395.00","1,388.90","1,374.61","1,563.45",995.65,1368323,60888.00
1-Aug-25,Friday,August,Q3,2025,EQ,"1,371.00","1,375.90","1,342.80","1,373.10","1,349.80","1,347.10","1,357.17","1,604.95",995.65,1239941,56673.00
31-Jul-25,Thursday,July,Q3,2025,EQ,"1,382.10","1,395.80","1,370.30","1,394.00","1,374.00","1,373.10","1,382.79","1,604.95",995.65,1412892,62373.00
30-Jul-25,Wednesday,July,Q3,2025,EQ,"1,398.80","1,403.10","1,391.50","1,395.90","1,395.00","1,394.00","1,396.13","1,604.95",995.65,627316,38931.00
29-Jul-25,Tuesday,July,Q3,2025,EQ,"1,376.00","1,398.70","1,373.60","1,376.00","1,397.00","1,395.90","1,386.45","1,604.95",995.65,782760,38592.00
28-Jul-25,Monday,July,Q3,2025,EQ,"1,396.30","1,404.10","1,373.50","1,396.30","1,376.90","1,376.00","1,387.45","1,604.95",995.65,790020,53484.00
25-Jul-25,Friday,July,Q3,2025,EQ,"1,411.70","1,416.70","1,390.00","1,411.60","1,390.00","1,396.30","1,401.29","1,604.95",995.65,744410,41408.00
24-Jul-25,Thursday,July,Q3,2025,EQ,"1,423.20","1,426.00","1,405.00","1,420.80","1,412.90","1,411.60","1,412.06","1,604.95",995.65,598011,36718.00
23-Jul-25,Wednesday,July,Q3,2025,EQ,"1,430.00","1,438.50","1,419.00","1,420.70","1,423.30","1,420.80","1,423.79","1,604.95",995.65,740816,38118.00
22-Jul-25,Tuesday,July,Q3,2025,EQ,"1,454.50","1,454.50","1,417.10","1,450.50","1,424.80","1,420.70","1,431.37","1,604.95",995.65,976668,45069.00
21-Jul-25,Monday,July,Q3,2025,EQ,"1,442.10","1,453.10","1,430.00","1,443.10","1,449.00","1,450.50","1,442.69","1,604.95",995.65,815780,35557.00
18-Jul-25,Friday,July,Q3,2025,EQ,"1,452.40","1,456.50","1,429.10","1,452.50","1,442.10","1,443.10","1,440.74","1,604.95",995.65,1147990,46483.00
17-Jul-25,Thursday,July,Q3,2025,EQ,"1,455.00","1,464.00","1,448.90","1,456.70","1,450.40","1,452.50","1,454.99","1,604.95",995.65,1168071,50122.00
16-Jul-25,Wednesday,July,Q3,2025,EQ,"1,447.50","1,474.00","1,442.90","1,445.10","1,458.00","1,456.70","1,461.88","1,604.95",995.65,2488981,79881.00
15-Jul-25,Tuesday,July,Q3,2025,EQ,"1,434.40","1,449.30","1,429.00","1,433.00","1,447.00","1,445.10","1,441.02","1,604.95",995.65,735108,44710.00
14-Jul-25,Monday,July,Q3,2025,EQ,"1,432.00","1,446.50","1,426.10","1,431.70","1,433.00","1,433.00","1,434.71","1,604.95",995.65,718442,34508.00
11-Jul-25,Friday,July,Q3,2025,EQ,"1,444.00","1,453.90","1,428.30","1,443.10","1,428.30","1,431.70","1,437.07","1,604.95",995.65,819864,36885.00
10-Jul-25,Thursday,July,Q3,2025,EQ,"1,444.00","1,450.20","1,437.20","1,443.00","1,442.60","1,443.10","1,442.83","1,604.95",995.65,1035509,40919.00
9-Jul-25,Wednesday,July,Q3,2025,EQ,"1,448.40","1,455.80","1,438.30","1,448.50","1,444.00","1,443.00","1,447.37","1,604.95",995.65,1008636,38883.00
8-Jul-25,Tuesday,July,Q3,2025,EQ,"1,438.00","1,449.90","1,430.00","1,435.60","1,448.30","1,448.50","1,440.39","1,604.95",995.65,824935,33169.00
7-Jul-25,Monday,July,Q3,2025,EQ,"1,424.40","1,437.80","1,417.00","1,424.40","1,435.60","1,435.60","1,428.69","1,604.95",995.65,764520,43749.00
